scheme,price,volume,trade_date,settlement_date
ESC,86.25,20000,08/10/26,14/04/28
ESC,86.15,15000,08/10/26,14/04/28
ESC,84.90,10000,08/10/26,15/12/26
ESC,84.90,10000,08/10/26,16/11/26
ESC,84.90,10000,08/10/26,30/10/26
ESC,85.50,5000,08/10/26,15/01/27
ESC,85.50,15000,08/10/26,30/10/26
ESC,85.50,10000,08/10/26,15/12/26
ESC,85.50,15000,08/10/26,16/11/26
ESC,29.25,50000,08/10/26,15/12/26
ESC,29.25,50000,08/10/26,16/11/26
ESC,29.25,50000,08/10/26,20/10/26
LGC,7.00,135000,07/10/26,03/02/31
LGC,7.00,125000,07/10/26,01/02/30
VEEC,86.00,5000,07/10/26,16/11/26
VEEC,87.75,40000,07/10/26,15/12/27
PRC,3.30,50000,06/10/26,15/02/27
PRC,3.30,50000,06/10/26,15/01/27
PRC,3.30,50000,06/10/26,15/12/26
VEEC,86.75,25000,06/10/26,15/12/26
ESC,29.15,50000,06/10/26,15/12/26
LGC,7.00,100000,06/10/26,03/02/31
LGC,7.30,100000,06/10/26,01/02/30
LGC,8.20,100000,06/10/26,01/02/29
LGC,8.15,10000,06/10/26,01/02/28
LGC,8.00,20000,06/10/26,01/02/27
LGC,7.15,25000,02/10/26,03/02/31
LGC,7.15,25000,02/10/26,01/02/30
LGC,7.75,30000,02/10/26,01/02/27
ESC,29.00,50000,02/10/26,16/11/26
LGC,7.80,10000,01/10/26,01/02/29
LGC,8.00,10000,01/10/26,01/02/29
LGC,8.05,10000,01/10/26,01/02/28
LGC,7.80,20000,01/10/26,01/02/27
LGC,7.70,10000,01/10/26,01/02/27
PRC,3.30,70000,01/10/26,15/03/27
PRC,3.30,70000,01/10/26,15/02/27
PRC,3.30,70000,01/10/26,15/01/27
PRC,3.30,70000,01/10/26,15/12/26
PRC,3.30,70000,01/10/26,16/11/26
VEEC,87.50,10000,01/10/26,16/11/26
ESC,29.25,20000,01/10/26,15/12/26
ESC,29.85,10000,01/10/26,15/06/27
ESC,29.85,10000,01/10/26,14/05/27
ESC,29.85,10000,01/10/26,15/04/27
ESC,29.50,10000,01/10/26,16/11/26
ESC,29.25,25000,01/10/26,16/11/26
ESC,30.30,10000,01/10/26,15/04/27
LGC,8.15,50000,30/09/26,01/02/28
